{"cameraMode":{"drawMode":0,"name":"Shaded","section":"Shading Mode"},"sceneLighting":true,"audioPlay":false,"sceneViewState":{"showFog":true,"showMaterialUpdate":false,"showSkybox":true,"showFlares":true,"showImageEffects":true,"showParticleSystems":true},"in2DMode":false,"pivot":{"x":16.692829132080079,"y":3.9943554401397707,"z":171.2277374267578},"rotation":{"x":-0.0640173852443695,"y":0.9186214208602905,"z":-0.35240498185157778,"w":-0.16687557101249696},"size":22.0,"orthographic":false}