{"cameraMode":{"drawMode":0,"name":"Shaded","section":"Shading Mode"},"sceneLighting":false,"audioPlay":false,"sceneViewState":{"showFog":true,"showMaterialUpdate":false,"showSkybox":false,"showFlares":true,"showImageEffects":true,"showParticleSystems":true},"in2DMode":false,"pivot":{"x":6.034669876098633,"y":3.214034080505371,"z":72.53549194335938},"rotation":{"x":-0.0640173852443695,"y":0.9186214208602905,"z":-0.35240498185157778,"w":-0.16687557101249696},"size":304.71075439453127,"orthographic":false}